kode_wilayah,kabupaten_kota,tahun,persentase_penduduk_miskin,uhh,hls,rls,pengeluaran_per_kapita_disesuaikan,tpt
3301,Kabupaten Cilacap,2020,11.46,74.28,12.5,6.97,10440,9.1
3301,Kabupaten Cilacap,2021,11.67,74.45,12.63,7.09,10534,9.97
3301,Kabupaten Cilacap,2022,11.02,74.59,12.66,7.18,10904,9.62
3301,Kabupaten Cilacap,2023,10.99,74.73,12.67,7.39,11432,8.74
3301,Kabupaten Cilacap,2024,10.68,74.97,12.69,7.4,11868,7.83
3302,Kabupaten Banyumas,2020,13.26,74.05,12.85,7.52,11448,6.0
3302,Kabupaten Banyumas,2021,13.66,74.13,13.03,7.63,11546,6.05
3302,Kabupaten Banyumas,2022,12.84,74.16,13.21,7.78,11905,6.05
3302,Kabupaten Banyumas,2023,12.53,74.2,13.26,7.87,12492,6.35
3302,Kabupaten Banyumas,2024,11.95,74.34,13.34,7.91,12960,6.18
3303,Kabupaten Purbalingga,2020,15.9,73.75,11.99,7.24,9914,6.1
3303,Kabupaten Purbalingga,2021,16.24,73.82,12.0,7.25,10032,6.05
3303,Kabupaten Purbalingga,2022,15.3,73.89,12.01,7.33,10277,5.23
3303,Kabupaten Purbalingga,2023,14.99,73.98,12.02,7.34,10964,5.61
3303,Kabupaten Purbalingga,2024,14.18,74.19,12.03,7.36,11343,4.96
3304,Kabupaten Banjarnegara,2020,15.64,74.21,11.46,6.74,9263,5.86
3304,Kabupaten Banjarnegara,2021,16.23,74.31,11.63,6.75,9407,5.86
3304,Kabupaten Banjarnegara,2022,15.2,74.4,11.81,6.84,9776,6.38
3304,Kabupaten Banjarnegara,2023,14.9,74.5,11.82,6.86,10226,6.26
3304,Kabupaten Banjarnegara,2024,14.71,74.7,11.83,6.87,10595,5.57
3305,Kabupaten Kebumen,2020,17.59,74.58,13.34,7.54,8901,6.07
3305,Kabupaten Kebumen,2021,17.83,74.73,13.35,7.55,9028,6.03
3305,Kabupaten Kebumen,2022,16.41,74.85,13.36,7.85,9282,5.92
3305,Kabupaten Kebumen,2023,16.34,74.98,13.37,7.86,9734,5.11
3305,Kabupaten Kebumen,2024,15.71,75.22,13.39,7.87,10176,5.07
3306,Kabupaten Purworejo,2020,11.78,74.91,13.5,8.12,10163,4.04
3306,Kabupaten Purworejo,2021,12.4,75.05,13.51,8.21,10275,3.59
3306,Kabupaten Purworejo,2022,11.53,75.2,13.52,8.32,10671,4.45
3306,Kabupaten Purworejo,2023,11.33,75.37,13.53,8.46,11110,4.02
3306,Kabupaten Purworejo,2024,10.87,75.64,13.55,8.65,11584,3.89
3307,Kabupaten Wonosobo,2020,17.36,73.7,11.75,6.81,10621,5.37
3307,Kabupaten Wonosobo,2021,17.67,73.82,11.76,6.82,10760,5.26
3307,Kabupaten Wonosobo,2022,16.17,73.89,11.78,6.88,11108,5.01
3307,Kabupaten Wonosobo,2023,15.58,74.01,11.8,6.89,11577,4.95
3307,Kabupaten Wonosobo,2024,15.28,74.25,11.81,6.9,11980,4.02
3308,Kabupaten Magelang,2020,11.27,73.97,12.54,7.78,9301,4.27
3308,Kabupaten Magelang,2021,11.91,74.13,12.55,7.79,9440,5.03
3308,Kabupaten Magelang,2022,11.09,74.28,12.58,7.81,10011,4.97
3308,Kabupaten Magelang,2023,10.96,74.44,12.61,7.82,10493,4.42
3308,Kabupaten Magelang,2024,10.83,74.68,12.62,7.83,10926,3.55
3309,Kabupaten Boyolali,2020,10.18,75.95,12.56,7.84,12910,5.28
3309,Kabupaten Boyolali,2021,10.62,76.03,12.57,7.85,13031,5.09
3309,Kabupaten Boyolali,2022,9.82,76.12,12.62,8.08,13250,4.92
3309,Kabupaten Boyolali,2023,9.81,76.23,12.66,8.09,13716,4.05
3309,Kabupaten Boyolali,2024,9.63,76.44,12.67,8.17,14195,3.16
3310,Kabupaten Klaten,2020,12.89,76.78,13.25,8.58,11921,5.46
3310,Kabupaten Klaten,2021,13.49,76.86,13.39,8.81,12017,5.48
3310,Kabupaten Klaten,2022,12.33,76.95,13.4,9.09,12522,4.31
3310,Kabupaten Klaten,2023,12.28,77.07,13.41,9.27,12968,4.2
3310,Kabupaten Klaten,2024,12.04,77.31,13.43,9.29,13513,3.97
3311,Kabupaten Sukoharjo,2020,7.68,77.65,13.83,9.34,11325,6.93
3311,Kabupaten Sukoharjo,2021,8.23,77.73,13.84,9.35,11428,3.32
3311,Kabupaten Sukoharjo,2022,7.61,77.82,13.9,9.62,11841,2.47
3311,Kabupaten Sukoharjo,2023,7.58,77.86,13.91,9.84,12319,3.4
3311,Kabupaten Sukoharjo,2024,7.47,78.01,13.92,10.01,12758,3.65
3312,Kabupaten Wonogiri,2020,10.86,76.16,12.49,7.33,9286,4.27
3312,Kabupaten Wonogiri,2021,11.55,76.28,12.5,7.34,9429,2.43
3312,Kabupaten Wonogiri,2022,10.99,76.41,12.51,7.42,9780,1.95
3312,Kabupaten Wonogiri,2023,10.94,76.56,12.52,7.67,10283,1.92
3312,Kabupaten Wonogiri,2024,10.71,76.82,12.61,7.68,10634,2.4
3313,Kabupaten Karanganyar,2020,10.28,77.47,13.68,8.56,11428,5.96
3313,Kabupaten Karanganyar,2021,10.68,77.55,13.69,8.57,11509,5.89
3313,Kabupaten Karanganyar,2022,9.85,77.64,13.7,8.79,11798,5.7
3313,Kabupaten Karanganyar,2023,9.79,77.72,13.71,9.02,12260,4.35
3313,Kabupaten Karanganyar,2024,9.59,77.91,13.73,9.26,12732,3.47
3314,Kabupaten Sragen,2020,13.38,75.71,12.83,7.65,12589,4.75
3314,Kabupaten Sragen,2021,13.83,75.79,12.84,7.66,12679,4.76
3314,Kabupaten Sragen,2022,12.94,75.87,12.91,7.79,13052,4.69
3314,Kabupaten Sragen,2023,12.87,75.97,12.92,7.87,13439,3.87
3314,Kabupaten Sragen,2024,12.41,76.18,12.93,7.88,13890,3.53
3315,Kabupaten Grobogan,2020,12.46,74.75,12.3,6.91,10221,4.5
3315,Kabupaten Grobogan,2021,12.74,74.84,12.44,7.11,10294,4.38
3315,Kabupaten Grobogan,2022,11.8,74.93,12.45,7.26,10610,4.4
3315,Kabupaten Grobogan,2023,11.72,75.04,12.46,7.28,11083,4.02
3315,Kabupaten Grobogan,2024,11.43,75.25,12.48,7.29,11548,3.23
3316,Kabupaten Blora,2020,11.96,74.41,12.2,6.83,9571,4.89
3316,Kabupaten Blora,2021,12.39,74.51,12.35,6.99,9669,3.81
3316,Kabupaten Blora,2022,11.53,74.6,12.44,7.01,10067,3.7
3316,Kabupaten Blora,2023,11.49,74.71,12.51,7.08,10541,3.1
3316,Kabupaten Blora,2024,11.42,74.92,12.6,7.26,10926,3.67
3317,Kabupaten Rembang,2020,15.6,74.55,12.11,7.16,10328,4.83
3317,Kabupaten Rembang,2021,15.8,74.61,12.12,7.3,10519,3.67
3317,Kabupaten Rembang,2022,14.65,74.68,12.13,7.41,10937,1.76
3317,Kabupaten Rembang,2023,14.17,74.77,12.15,7.72,11399,2.6
3317,Kabupaten Rembang,2024,14.02,74.98,12.3,7.73,11830,2.84
3318,Kabupaten Pati,2020,10.08,76.22,12.65,7.44,10390,4.74
3318,Kabupaten Pati,2021,10.21,76.27,12.94,7.48,10506,4.6
3318,Kabupaten Pati,2022,9.33,76.32,12.95,7.79,10948,4.45
3318,Kabupaten Pati,2023,9.31,76.39,12.96,7.8,11385,4.29
3318,Kabupaten Pati,2024,9.17,76.56,12.98,7.82,11829,3.87
3319,Kabupaten Kudus,2020,7.31,76.6,13.23,8.75,11160,5.53
3319,Kabupaten Kudus,2021,7.6,76.68,13.24,8.76,11272,3.77
3319,Kabupaten Kudus,2022,7.41,76.76,13.25,9.06,11609,3.21
3319,Kabupaten Kudus,2023,7.24,76.86,13.26,9.34,12088,3.25
3319,Kabupaten Kudus,2024,7.23,77.07,13.28,9.35,12533,3.19
3320,Kabupaten Jepara,2020,7.17,75.84,12.75,7.68,10343,6.7
3320,Kabupaten Jepara,2021,7.44,75.91,12.76,7.79,10536,4.23
3320,Kabupaten Jepara,2022,6.88,75.97,12.77,8.09,10913,4.1
3320,Kabupaten Jepara,2023,6.61,76.04,12.85,8.26,11306,3.35
3320,Kabupaten Jepara,2024,6.09,76.21,12.86,8.27,11729,3.34
3321,Kabupaten Demak,2020,12.54,75.4,13.31,7.71,10128,7.31
3321,Kabupaten Demak,2021,12.92,75.46,13.32,7.86,10248,5.28
3321,Kabupaten Demak,2022,12.09,75.52,13.33,8.1,10698,6.11
3321,Kabupaten Demak,2023,12.01,75.6,13.34,8.27,11166,5.38
3321,Kabupaten Demak,2024,11.89,75.79,13.36,8.28,11591,4.75
3322,Kabupaten Semarang,2020,7.51,75.73,12.97,8.02,11966,4.57
3322,Kabupaten Semarang,2021,7.82,75.79,12.98,8.03,12070,5.02
3322,Kabupaten Semarang,2022,7.27,75.86,13.04,8.05,12448,4.81
3322,Kabupaten Semarang,2023,7.17,75.95,13.05,8.07,12943,4.05
3322,Kabupaten Semarang,2024,6.96,76.15,13.06,8.16,13377,3.73
3323,Kabupaten Temanggung,2020,9.96,75.58,12.14,7.24,9343,3.85
3323,Kabupaten Temanggung,2021,10.17,75.64,12.32,7.25,9408,2.62
3323,Kabupaten Temanggung,2022,9.33,75.7,12.55,7.41,9773,2.54
3323,Kabupaten Temanggung,2023,9.26,75.77,12.61,7.5,10108,2.32
3323,Kabupaten Temanggung,2024,8.67,75.94,12.62,7.53,10519,2.35
3324,Kabupaten Kendal,2020,9.99,74.43,12.95,7.45,11425,7.56
3324,Kabupaten Kendal,2021,10.24,74.48,12.96,7.46,11608,7.55
3324,Kabupaten Kendal,2022,9.48,74.53,12.97,7.71,11999,7.34
3324,Kabupaten Kendal,2023,9.39,74.58,12.99,7.73,12755,5.76
3324,Kabupaten Kendal,2024,9.35,74.73,13.0,7.74,13277,5.01
3325,Kabupaten Batang,2020,9.13,74.69,12.01,6.87,9431,6.92
3325,Kabupaten Batang,2021,9.68,74.74,12.13,6.88,9524,6.59
3325,Kabupaten Batang,2022,8.98,74.79,12.14,6.9,9972,6.64
3325,Kabupaten Batang,2023,8.92,74.85,12.15,7.07,10470,6.06
3325,Kabupaten Batang,2024,8.73,75.01,12.17,7.08,10919,5.67
3326,Kabupaten Pekalongan,2020,10.19,73.7,12.41,6.91,10312,6.97
3326,Kabupaten Pekalongan,2021,10.57,73.75,12.42,7.17,10409,4.28
3326,Kabupaten Pekalongan,2022,9.67,73.81,12.43,7.46,10707,3.23
3326,Kabupaten Pekalongan,2023,9.67,73.99,12.44,7.47,11297,3.25
3326,Kabupaten Pekalongan,2024,8.95,74.25,12.46,7.48,11701,3.3
3327,Kabupaten Pemalang,2020,16.02,73.61,11.95,6.42,8461,7.64
3327,Kabupaten Pemalang,2021,16.56,73.72,11.96,6.45,8573,6.71
3327,Kabupaten Pemalang,2022,15.06,73.82,11.98,6.5,8994,6.63
3327,Kabupaten Pemalang,2023,15.03,73.98,12.01,6.55,9587,6.55
3327,Kabupaten Pemalang,2024,14.92,74.23,12.02,6.56,10017,6.63
3328,Kabupaten Tegal,2020,8.14,73.63,12.67,6.98,9612,9.82
3328,Kabupaten Tegal,2021,8.6,73.74,12.89,6.99,9700,9.97
3328,Kabupaten Tegal,2022,7.9,73.87,12.91,7.25,10020,9.64
3328,Kabupaten Tegal,2023,7.3,74.01,12.92,7.34,10537,8.6
3328,Kabupaten Tegal,2024,6.81,74.25,12.96,7.36,10972,7.53
3329,Kabupaten Brebes,2020,17.03,73.44,12.04,6.21,10058,9.83
3329,Kabupaten Brebes,2021,17.43,73.65,12.05,6.22,10152,9.78
3329,Kabupaten Brebes,2022,16.05,73.8,12.15,6.35,10514,9.48
3329,Kabupaten Brebes,2023,15.78,73.95,12.44,6.4,10993,8.98
3329,Kabupaten Brebes,2024,15.6,74.18,12.45,6.41,11389,8.35
3371,Kota Magelang,2020,7.58,76.85,14.14,10.39,12210,8.59
3371,Kota Magelang,2021,7.75,76.93,14.15,10.62,12349,8.73
3371,Kota Magelang,2022,7.1,77.02,14.31,10.94,12816,6.71
3371,Kota Magelang,2023,6.11,77.22,14.4,11.2,13175,5.25
3371,Kota Magelang,2024,5.94,77.54,14.62,11.43,13619,4.4
3372,Kota Surakarta,2020,9.03,77.22,14.87,10.69,14761,7.92
3372,Kota Surakarta,2021,9.4,77.32,14.88,10.9,14911,7.85
3372,Kota Surakarta,2022,8.84,77.43,14.89,10.92,15463,5.83
3372,Kota Surakarta,2023,8.44,77.63,14.9,11.0,15870,4.58
3372,Kota Surakarta,2024,8.31,77.91,15.07,11.25,16291,4.61
3373,Kota Salatiga,2020,4.94,77.4,15.41,10.42,15699,7.44
3373,Kota Salatiga,2021,5.14,77.55,15.42,10.66,15843,7.26
3373,Kota Salatiga,2022,4.73,77.72,15.43,10.95,16351,5.58
3373,Kota Salatiga,2023,4.66,77.93,15.44,11.24,16650,4.57
3373,Kota Salatiga,2024,4.57,78.27,15.46,11.48,17096,3.86
3374,Kota Semarang,2020,4.34,77.34,15.52,10.53,15243,9.57
3374,Kota Semarang,2021,4.56,77.51,15.53,10.78,15425,9.54
3374,Kota Semarang,2022,4.25,77.69,15.54,10.8,16047,7.6
3374,Kota Semarang,2023,4.23,77.9,15.55,10.81,16420,5.99
3374,Kota Semarang,2024,4.03,78.23,15.57,11.05,16990,5.82
3375,Kota Pekalongan,2020,7.17,74.38,12.84,8.96,12467,7.02
3375,Kota Pekalongan,2021,7.59,74.44,12.85,9.18,12598,6.89
3375,Kota Pekalongan,2022,7.0,74.51,12.86,9.2,13158,4.98
3375,Kota Pekalongan,2023,6.81,74.6,12.87,9.29,14056,5.02
3375,Kota Pekalongan,2024,6.71,74.79,12.89,9.34,14547,4.91
3376,Kota Tegal,2020,7.8,74.61,13.05,8.51,12999,8.4
3376,Kota Tegal,2021,8.12,74.68,13.07,8.73,13143,8.25
3376,Kota Tegal,2022,7.91,74.77,13.08,9.0,13455,6.68
3376,Kota Tegal,2023,7.68,74.84,13.18,9.24,14013,6.05
3376,Kota Tegal,2024,7.64,75.01,13.25,9.28,14358,5.88
