kode_wilayah,kabupaten_kota,tahun,persentase_penduduk_miskin,prediksi_dummy,prediksi_mlr,prediksi_random_forest,residual_mlr,residual_random_forest,absolute_error_mlr,absolute_error_random_forest
3301,Kabupaten Cilacap,2025,9.41,10.702685714285716,10.32276744007233,10.511217460317452,-0.9127674400723294,-1.1012174603174518,0.9127674400723294,1.1012174603174518
3302,Kabupaten Banyumas,2025,11.15,10.702685714285716,10.434010519633667,11.065766666666658,0.7159894803663338,0.08423333333334249,0.7159894803663338,0.08423333333334249
3303,Kabupaten Purbalingga,2025,12.55,10.702685714285716,11.74416571767702,14.635699999999987,0.80583428232298,-2.085699999999987,0.80583428232298,2.085699999999987
3304,Kabupaten Banjarnegara,2025,13.28,10.702685714285716,11.856291232731316,13.28046666666668,1.4237087672686837,-0.00046666666668038204,1.4237087672686837,0.00046666666668038204
3305,Kabupaten Kebumen,2025,13.58,10.702685714285716,11.136402186813914,13.687561111111142,2.443597813186086,-0.10756111111114208,2.443597813186086,0.10756111111114208
3306,Kabupaten Purworejo,2025,10.06,10.702685714285716,9.93575281288631,10.249166666666627,0.12424718711369032,-0.18916666666662607,0.12424718711369032,0.18916666666662607
3307,Kabupaten Wonosobo,2025,13.34,10.702685714285716,12.121362987619067,15.00376666666668,1.218637012380933,-1.66376666666668,1.218637012380933,1.66376666666668
3308,Kabupaten Magelang,2025,9.9,10.702685714285716,11.453028883276954,8.516677301587315,-1.5530288832769532,1.3833226984126856,1.5530288832769532,1.3833226984126856
3309,Kabupaten Boyolali,2025,8.71,10.702685714285716,9.08015724268062,8.237733333333347,-0.37015724268061945,0.47226666666665373,0.37015724268061945,0.47226666666665373
3310,Kabupaten Klaten,2025,11.0,10.702685714285716,7.7130184549616105,10.521866666666657,3.2869815450383895,0.47813333333334285,3.2869815450383895,0.47813333333334285
3311,Kabupaten Sukoharjo,2025,6.83,10.702685714285716,6.9202468507358414,7.61323333333333,-0.09024685073584138,-0.7832333333333299,0.09024685073584138,0.7832333333333299
3312,Kabupaten Wonogiri,2025,9.59,10.702685714285716,10.423455806445363,9.891003809523824,-0.8334558064453628,-0.30100380952382366,0.8334558064453628,0.30100380952382366
3313,Kabupaten Karanganyar,2025,8.48,10.702685714285716,7.791273984040935,9.557733333333333,0.6887260159590651,-1.0777333333333328,0.6887260159590651,1.0777333333333328
3314,Kabupaten Sragen,2025,11.22,10.702685714285716,9.723408079964493,11.556766666666663,1.4965919200355078,-0.3367666666666622,1.4965919200355078,0.3367666666666622
3315,Kabupaten Grobogan,2025,10.63,10.702685714285716,11.355532094645376,10.973772611832612,-0.7255320946453754,-0.34377261183261076,0.7255320946453754,0.34377261183261076
3316,Kabupaten Blora,2025,10.58,10.702685714285716,11.7924183355293,10.683741164021157,-1.2124183355293,-0.10374116402115696,1.2124183355293,0.10374116402115696
3317,Kabupaten Rembang,2025,13.01,10.702685714285716,11.180763225726453,11.980488888888864,1.8292367742735465,1.0295111111111357,1.8292367742735465,1.0295111111111357
3318,Kabupaten Pati,2025,8.24,10.702685714285716,9.871863059800356,8.424800000000001,-1.6318630598003558,-0.18480000000000096,1.6318630598003558,0.18480000000000096
3319,Kabupaten Kudus,2025,6.59,10.702685714285716,8.3288792448296,8.638966666666652,-1.7388792448296009,-2.0489666666666526,1.7388792448296009,2.0489666666666526
3320,Kabupaten Jepara,2025,5.79,10.702685714285716,9.969824974343993,7.360133333333328,-4.179824974343993,-1.5701333333333283,4.179824974343993,1.5701333333333283
3321,Kabupaten Demak,2025,10.87,10.702685714285716,10.106860955693328,11.416266666666653,0.763139044306671,-0.5462666666666536,0.763139044306671,0.5462666666666536
3322,Kabupaten Semarang,2025,6.3,10.702685714285716,9.613674193961955,8.839100000000007,-3.3136741939619556,-2.5391000000000075,3.3136741939619556,2.5391000000000075
3323,Kabupaten Temanggung,2025,7.78,10.702685714285716,11.344804169458898,10.044284619001086,-3.564804169458898,-2.264284619001086,3.564804169458898,2.264284619001086
3324,Kabupaten Kendal,2025,8.4,10.702685714285716,10.601125502373721,9.004966666666673,-2.2011255023737206,-0.6049666666666731,2.2011255023737206,0.6049666666666731
3325,Kabupaten Batang,2025,7.79,10.702685714285716,11.273757646172308,11.210927020202027,-3.4837576461723083,-3.4209270202020265,3.4837576461723083,3.4209270202020265
3326,Kabupaten Pekalongan,2025,8.05,10.702685714285716,11.962550985952921,10.569093571428564,-3.9125509859529206,-2.519093571428563,3.9125509859529206,2.519093571428563
3327,Kabupaten Pemalang,2025,13.32,10.702685714285716,12.28689901928525,14.878733333333363,1.0331009807147495,-1.5587333333333628,1.0331009807147495,1.5587333333333628
3328,Kabupaten Tegal,2025,6.16,10.702685714285716,11.297325645146987,9.668066385281346,-5.137325645146987,-3.508066385281346,5.137325645146987,3.508066385281346
3329,Kabupaten Brebes,2025,14.15,10.702685714285716,11.867241945028809,13.156655555555513,2.2827580549711914,0.993344444444487,2.2827580549711914,0.993344444444487
3371,Kota Magelang,2025,5.68,10.702685714285716,5.694627631759671,7.425466666666685,-0.014627631759671189,-1.745466666666685,0.014627631759671189,1.745466666666685
3372,Kota Surakarta,2025,7.69,10.702685714285716,4.944687164052582,7.459833333333327,2.745312835947418,0.23016666666667351,2.745312835947418,0.23016666666667351
3373,Kota Salatiga,2025,4.2,10.702685714285716,4.4368585726514995,4.648333333333338,-0.23685857265149934,-0.4483333333333377,0.23685857265149934,0.4483333333333377
3374,Kota Semarang,2025,3.8,10.702685714285716,4.394264769761745,4.265699999999994,-0.5942647697617449,-0.4656999999999938,0.5942647697617449,0.4656999999999938
3375,Kota Pekalongan,2025,6.14,10.702685714285716,8.828736633774966,7.48673333333334,-2.6887366337749663,-1.34673333333334,2.6887366337749663,1.34673333333334
3376,Kota Tegal,2025,7.28,10.702685714285716,8.623543057259798,8.206666666666667,-1.3435430572597982,-0.9266666666666667,1.3435430572597982,0.9266666666666667
